Company Name,State_Abbr,Exec.tiTle,INDUSTRY,EmployEEs
Company 1,CA,Owner,Business Services,11-25 employees
Company 2,VA,Owner,Business Services,11-25 employees
Company 3,NY,Owner,Business Services,26-50 employees
Company 4,MN,Director Of Finance,Business Services,11-25 employees
Company 5,CA,Owner,Media,11-25 employees
Company 6,PA,Chief Financial Officer,Consumer Services,11-25 employees
Company 7,CA,Owner,Entertainment,11-25 employees
Company 8,CA,Chief Executive Officer,Business Services,51-100 employees
Company 9,NY,Owner,Business Services,6-10 employees
Company 10,CA,Chief Executive Officer,Business Services,11-25 employees
Company 11,CA,Chief Executive Officer,Computer Services,11-25 employees
Company 12,OK,Chief Executive Officer,Computer Services,101-250 employees
Company 13,NM,Finance Executive,Business Services,26-50 employees
Company 14,MA,Chairman And Chief Executive Officer,Computer Software,11-25 employees
Company 15,NY,Owner,Computer Software,11-25 employees
Company 16,TX,Financial Analyst,Business Services,101-250 employees
Company 17,MN,Finance Executive,Business Services,26-50 employees
Company 18,MN,Owner,Business Services,26-50 employees
Company 19,CA,Finance Executive,Business Services,11-25 employees
Company 20,CA,Owner,Business Services,11-25 employees
Company 21,NY,Owner,Business Services,26-50 employees
Company 22,TX,Chief Executive Officer,Computer Software,26-50 employees
Company 23,TX,Financial Administration,Computer Software,26-50 employees
Company 24,LA,Owner,Computer Services,11-25 employees
Company 25,TX,Owner,Computer Services,11-25 employees
Company 26,MA,Owner,Business Services,51-100 employees
Company 27,CA,"Controller, Owner",Business Services,51-100 employees
Company 28,CA,Chief Executive Officer,Business Services,26-50 employees
Company 29,VA,Finance Executive,Business Services,26-50 employees
Company 30,NY,Owner,Business Services,11-25 employees
Company 31,ND,"Manager, Finance Executive",Business Services,11-25 employees
Company 32,CA,Chief Executive Officer,Computer Software,11-25 employees
Company 33,TX,Chief Executive Officer,Business Services,51-100 employees
Company 34,CA,Owner,Business Services,11-25 employees
Company 35,VA,Owner,Business Services,11-25 employees
Company 36,VA,Chief Executive Officer,Business Services,51-100 employees
Company 37,TN,Chief Executive Officer,Business Services,11-25 employees
Company 38,CA,Owner,Business Services,11-25 employees
Company 39,CA,"Owner, Finance Executive, Sales Executive",Business Services,11-25 employees
Company 40,FL,Owner,Media,26-50 employees
Company 41,AZ,Owner,Computer Services,51-100 employees
Company 42,AZ,Owner,Computer Services,51-100 employees
Company 43,MA,Ceo,Business Services,11-25 employees
Company 44,MI,Chief Executive Officer,Business Services,51-100 employees
Company 45,CO,Owner,Business Services,51-100 employees
Company 46,CA,Chief Executive Officer,Telecommunications Services,26-50 employees
Company 47,IL,Chief Executive Officer,Computer Software,11-25 employees
Company 48,GA,Chief Executive Officer,Computer Services,51-100 employees
Company 49,MN,Owner,Computer Software,51-100 employees
Company 50,NY,Owner,Computer Services,11-25 employees
Company 51,CA,Chief Financial Officer,Business Services,11-25 employees
Company 52,CT,Owner,Computer Services,11-25 employees
Company 53,FL,Owner,Media,6-10 employees
Company 54,FL,Chief Executive Officer,Media,11-25 employees
Company 55,CA,Owner,Consumer Services,11-25 employees
Company 56,LA,Owner,Consumer Services,11-25 employees
Company 57,NY,Chief Executive Officer,Business Services,51-100 employees
Company 58,NY,Chief Finance Officer,Business Services,51-100 employees
Company 59,CA,Owner,Leisure,11-25 employees
Company 60,SC,Chief Executive Officer,Business Services,51-100 employees
Company 61,IL,Owner,Telecommunications Services,11-25 employees
Company 62,AL,Owner,Business Services,11-25 employees
Company 63,NY,Chief Financial Officer,Telecommunications Services,101-250 employees
Company 64,MA,Finance Executive,Leisure,11-25 employees
Company 65,AZ,Owner,Leisure,101-250 employees
Company 66,CO,Chief Executive Officer Chief Financial Officer Vice President Director,Business Services,11-25 employees
Company 67,CO,Chief Executive Officer,Computer Software,101-250 employees
Company 68,FL,Owner And Operator And Senior Designer,Computer Services,11-25 employees
Company 69,CA,Chief Financial Officer,Telecommunications Services,11-25 employees
Company 70,NY,"President, Chief Executive Officer",Business Services,51-100 employees
Company 71,NY,Finance Executive,Business Services,51-100 employees
Company 72,VA,Owner,Computer Services,51-100 employees
Company 73,WY,Owner,Business Services,11-25 employees
Company 74,IL,Owner,Business Services,26-50 employees
Company 75,PA,Owner,Business Services,11-25 employees
Company 76,WI,Chief Executive Officer,Business Services,6-10 employees
Company 77,MN,Financial Benefits Counselor,Telecommunications Services,26-50 employees
Company 78,MN,Ceo,Telecommunications Services,26-50 employees
Company 79,MN,Finance Executive,Telecommunications Services,26-50 employees
Company 80,CA,Finance Director,Media,51-100 employees
Company 81,CA,"President, Owner",Media,51-100 employees
Company 82,KS,President & Ceo,Computer Services,26-50 employees
Company 83,NY,Chief Executive Officer,Business Services,11-25 employees
Company 84,CA,Owner,Computer Services,11-25 employees
Company 85,GA,Chief Executive Officer,Telecommunications Services,6-10 employees
Company 86,CA,Owner,Entertainment,11-25 employees
Company 87,MO,Owner,Business Services,11-25 employees
Company 88,NY,Owner,Business Services,26-50 employees
Company 89,NY,Finance Executive,Business Services,26-50 employees
Company 90,CA,President and Chief Executive Officer,Computer Software,11-25 employees
Company 91,CA,Owner,Business Services,51-100 employees
Company 92,FL,Chief Executive Officer,Consumer Services,26-50 employees
Company 93,PA,"Partner, Finance Executive, Sales Executive",Business Services,26-50 employees
Company 94,IL,Chief Executive Officer,Business Services,26-50 employees
Company 95,CA,Owner,Business Services,26-50 employees
Company 96,FL,Owner,Business Services,11-25 employees
Company 97,TX,"Finance Executive, Sales Executive",Business Services,11-25 employees
Company 98,NJ,Chief Executive Officer,Media,26-50 employees
Company 99,IL,"Senior Financial Analyst, International Finance And Accounting",Media,11-25 employees
Company 100,IL,Asset Management,Media,11-25 employees
Company 101,CA,Owner,Business Services,11-25 employees
Company 102,OH,Owner,Media,11-25 employees
Company 103,IA,Owner,Business Services,11-25 employees
Company 104,GA,Owner,Business Services,51-100 employees
Company 105,CA,"Owner, Finance Executive, Sales Executive",Business Services,11-25 employees
Company 106,MI,Owner,Business Services,101-250 employees
Company 107,CA,Owner,Business Services,26-50 employees
Company 108,CA,Finance Executive,Business Services,26-50 employees
Company 109,NY,Owner,Business Services,11-25 employees
Company 110,NY,Finance Executive,Business Services,11-25 employees
Company 111,TX,Finance Executive,Business Services,26-50 employees
Company 112,IL,Owner,Business Services,11-25 employees
Company 113,WI,Owner,Media,11-25 employees
Company 114,TX,Chief Executive Officer,Business Services,11-25 employees
Company 115,NY,Chief Executive Officer,Media,101-250 employees
Company 116,CO,Chief Executive Officer,Business Services,11-25 employees
Company 117,CA,Chief Executive Officer,Consumer Services,51-100 employees
Company 118,WI,Finance Executive,Telecommunications Services,11-25 employees
Company 119,TX,"Manager, Finance Executive",Food,26-50 employees
Company 120,VA,Owner,Computer Software,11-25 employees
Company 121,NY,Chief Executive Officer,Business Services,26-50 employees
Company 122,AR,Chief Executive Officer,Business Services,51-100 employees
Company 123,IL,Owner,Business Services,6-10 employees
Company 124,DC,Chief Executive Officer,Education,11-25 employees
Company 125,MA,Owner,Business Services,11-25 employees
Company 126,KY,Co Owner,Business Services,11-25 employees
Company 127,KY,Co Owner,Business Services,11-25 employees
Company 128,VA,"Finance Manager, Manager",Business Services,26-50 employees
Company 129,VA,"Owner, President, Finance Executive",Business Services,26-50 employees
Company 130,VA,Owner,Business Services,11-25 employees
Company 131,NY,Finance,Business Services,51-100 employees
Company 132,NY,Chief Executive Officer,Business Services,51-100 employees
Company 133,NY,Chief Financial Officer,Business Services,51-100 employees
Company 134,CA,Finance Executive,Business Services,26-50 employees
Company 135,FL,Chief Executive Officer,Consumer Services,101-250 employees
Company 136,MD,"Finance Executive, Finance",Business Services,101-250 employees
Company 137,TX,"Marketing, Chief Executive Officer",Business Services,11-25 employees
Company 138,MI,Chief Executive Officer,Business Services,26-50 employees
Company 139,CA,"Partner, Finance Executive",Business Services,11-25 employees
Company 140,NJ,Owner,Telecommunications Services,11-25 employees
Company 141,MI,"Chief Marketing Officer, Chief Executive Officer, Sales Executive",Business Services,51-100 employees
Company 142,MA,Owner,Computer Services,11-25 employees
Company 143,NJ,Cfo,Consumer Services,51-100 employees
Company 144,MA,Chief,Business Services,11-25 employees
Company 145,NY,Chief Executive Officer,Business Services,11-25 employees
Company 146,NJ,Ceo,Media,51-100 employees
Company 147,CA,Owner,Telecommunications Services,6-10 employees
Company 148,NY,Finance Executive,Business Services,101-250 employees
Company 149,VA,"Owner, President",Business Services,51-100 employees
Company 150,NJ,Owner,Business Services,11-25 employees
Company 151,PA,Chief Executive Officer,Consumer Services,101-250 employees
Company 152,PA,President & Ceo,Consumer Services,101-250 employees
Company 153,AK,Owner,Business Services,26-50 employees
Company 154,AK,Finance Executive,Business Services,26-50 employees
Company 155,OH,Owner,Computer Services,26-50 employees
Company 156,IL,"Chief Executive Officer, Finance Executive, Human Resources Executive, Sales Executive",Business Services,26-50 employees
Company 157,CA,Owner,Computer Services,51-100 employees
Company 158,TX,Owner,Entertainment,11-25 employees
Company 159,TX,Financial Manager,Entertainment,11-25 employees
Company 160,WA,Chief Executive Officer,Business Services,26-50 employees
Company 161,MI,Owner,Computer Services,11-25 employees
Company 162,NY,Chief Executive Officer,Computer Software,51-100 employees
Company 163,CO,Owner,Business Services,51-100 employees
Company 164,GA,Dallas Financial Service Partner,Computer Software,51-100 employees
Company 165,GA,Seattle Financial Service Partner,Computer Software,51-100 employees
Company 166,GA,New England Financial Service Partner,Computer Software,51-100 employees
Company 167,GA,New York Financial Service Partner,Computer Software,51-100 employees
Company 168,GA,Dallas Financial Service Partner,Computer Software,51-100 employees
Company 169,GA,Los Angeles Financial Service Partner,Computer Software,51-100 employees
Company 170,GA,"Financial Service Partner, Orange County",Computer Software,51-100 employees
Company 171,GA,Portland Financial Service Partner,Computer Software,51-100 employees
Company 172,GA,Atlanta Financial Service Partner,Computer Software,51-100 employees
Company 173,GA,Philadelphia Financial Service Partner,Computer Software,51-100 employees
Company 174,GA,Dallas Financial Service Partner,Computer Software,51-100 employees
Company 175,GA,Pittsburgh Financial Service Partner,Computer Software,51-100 employees
Company 176,GA,Chicago Financial Service Partner,Computer Software,51-100 employees
Company 177,GA,"Washington, D C Financial Service Partner",Computer Software,51-100 employees
Company 178,GA,"Richmond Financial Service Partner, Washington, D C Financial Service Partner",Computer Software,51-100 employees
Company 179,GA,Orange County Financial Service Partner,Computer Software,51-100 employees
Company 180,GA,Charlotte Financial Service Partner,Computer Software,51-100 employees
Company 181,GA,Atlanta Financial Service Partner,Computer Software,51-100 employees
Company 182,GA,Dallas Financial Service Partner,Computer Software,51-100 employees
Company 183,GA,Atlanta Financial Service Partner,Computer Software,51-100 employees
Company 184,GA,Orange County Financial Service Partner,Computer Software,51-100 employees
Company 185,GA,Dallas Financial Service Partner,Computer Software,51-100 employees
Company 186,GA,Chicago Financial Service Partner,Computer Software,51-100 employees
Company 187,GA,Pittsburgh Financial Service Partner,Computer Software,51-100 employees
Company 188,GA,New England Financial Service Partner,Computer Software,51-100 employees
Company 189,GA,Dallas Financial Service Partner,Computer Software,51-100 employees
Company 190,GA,Chicago Financial Service Partner,Computer Software,51-100 employees
Company 191,GA,"Richmond Financial Service Partner, Washington, D C Financial Service Partner",Computer Software,51-100 employees
Company 192,GA,Houston Financial Service Partner,Computer Software,51-100 employees
Company 193,GA,New England Financial Service Partner,Computer Software,51-100 employees
Company 194,GA,Minneapolis Financial Service Partner,Computer Software,51-100 employees
Company 195,GA,Chicago Financial Service Partner,Computer Software,51-100 employees
Company 196,GA,New York Financial Service Partner,Computer Software,51-100 employees
Company 197,GA,Cincinnati Financial Service Partner,Computer Software,51-100 employees
Company 198,GA,New England Financial Service Partner,Computer Software,51-100 employees
Company 199,GA,South Carolina Financial Service Partner,Computer Software,51-100 employees
Company 200,GA,Portland Financial Service Partner,Computer Software,51-100 employees
Company 201,GA,Chief Executive Officer,Computer Software,51-100 employees
Company 202,GA,Chicago Financial Service Partner,Computer Software,51-100 employees
Company 203,GA,Portland Financial Service Partner,Computer Software,51-100 employees
Company 204,GA,New York Financial Service Partner,Computer Software,51-100 employees
Company 205,GA,Orlando Financial Service Partner,Computer Software,51-100 employees
Company 206,GA,Pittsburgh Financial Service Partner,Computer Software,51-100 employees
Company 207,GA,South Carolina Financial Service Partner,Computer Software,51-100 employees
Company 208,GA,Denver Financial Service Partner,Computer Software,51-100 employees
Company 209,GA,Orlando Financial Service Partner,Computer Software,51-100 employees
Company 210,GA,"Baltimore Financial Service Partner, Washington, D C Financial Service Partner",Computer Software,51-100 employees
Company 211,GA,Denver Financial Service Partner,Computer Software,51-100 employees
Company 212,GA,New York Financial Service Partner,Computer Software,51-100 employees
Company 213,GA,Cleveland Financial Service Partner,Computer Software,51-100 employees
Company 214,GA,"Phoenix Financial Service Partner, Las Vegas Financial Service Partner",Computer Software,51-100 employees
Company 215,GA,Cincinnati Financial Service Partner,Computer Software,51-100 employees
Company 216,GA,Tampa Financial Service Partner,Computer Software,51-100 employees
Company 217,GA,Charlotte Financial Service Partner,Computer Software,51-100 employees
Company 218,GA,Chief Executive Officer,Computer Software,51-100 employees
Company 219,GA,Tampa Financial Service Partner,Computer Software,51-100 employees
Company 220,GA,Raleigh Financial Service Partner,Computer Software,51-100 employees
Company 221,GA,Austin/San Antonio Financial Service Partner,Computer Software,51-100 employees
Company 222,GA,New York Financial Service Partner,Computer Software,51-100 employees
Company 223,GA,"Washington, D C Financial Service Partner, Baltimore Financial Service Partner",Computer Software,51-100 employees
Company 224,GA,Austin/San Antonio Financial Service Partner,Computer Software,51-100 employees
Company 225,GA,Portland Financial Service Partner,Computer Software,51-100 employees
Company 226,GA,Los Angeles Financial Service Partner,Computer Software,51-100 employees
Company 227,GA,Philadelphia Financial Service Partner,Computer Software,51-100 employees
Company 228,GA,Atlanta Financial Service Partner,Computer Software,51-100 employees
Company 229,GA,Orlando Financial Service Partner,Computer Software,51-100 employees
Company 230,GA,Dallas Financial Service Partner,Computer Software,51-100 employees
Company 231,GA,Tampa Financial Service Partner,Computer Software,51-100 employees
Company 232,GA,Seattle Financial Service Partner,Computer Software,51-100 employees
Company 233,GA,Orange County Financial Service Partner,Computer Software,51-100 employees
Company 234,GA,Phoenix Financial Service Partner,Computer Software,51-100 employees
Company 235,GA,New York Financial Service Partner,Computer Software,51-100 employees
Company 236,GA,South Carolina Financial Service Partner,Computer Software,51-100 employees
Company 237,GA,Miami/Fort Lauderdale Financial Service Partner,Computer Software,51-100 employees
Company 238,GA,Chairman And Chief Executive Officer,Computer Software,51-100 employees
Company 239,GA,Austin/San Antonio Financial Service Partner,Computer Software,51-100 employees
Company 240,CA,Ceo,Business Services,51-100 employees
Company 241,NY,Chief Executive Officer,Business Services,6-10 employees
Company 242,NJ,Owner,Business Services,26-50 employees
Company 243,CA,President and Chief Executive Officer,Computer Software,11-25 employees
Company 244,NY,Owner,Business Services,11-25 employees
Company 245,OH,Finance Executive,Business Services,26-50 employees
Company 246,CA,"Manager, Finance",Media,51-100 employees
Company 247,VA,Chief Executive Officer,Business Services,26-50 employees
Company 248,VA,Owner,Consumer Services,51-100 employees
Company 249,IL,Owner,Business Services,11-25 employees
Company 250,FL,Owner,Business Services,11-25 employees
Company 251,VA,Finance Executive,Computer Services,101-250 employees
Company 252,CA,Chief Executive Officer,Business Services,26-50 employees
Company 253,MN,Owner,Computer Software,101-250 employees
Company 254,MO,Chief Executive Officer,Business Services,11-25 employees
Company 255,FL,Chief Executive Officer,Computer Software,26-50 employees
Company 256,CA,"Partner, Finance Executive, Sales Executive",Business Services,11-25 employees
Company 257,OH,Owner,Computer Services,11-25 employees
Company 258,MN,Owner,Business Services,51-100 employees
Company 259,GA,"Partner, Finance Executive, Human Resources Executive",Business Services,51-100 employees
Company 260,GA,Chief Financial Officer,Computer Services,26-50 employees
Company 261,MD,"Finance, Vice President, Finance Executive",Computer Software,101-250 employees
Company 262,NY,Director Of Finance,Business Services,6-10 employees
Company 263,NY,Owner,Business Services,6-10 employees
Company 264,PA,Owner,Real Estate,11-25 employees
Company 265,NV,Owner/Manager,Business Services,11-25 employees
Company 266,NV,Owner,Business Services,11-25 employees
Company 267,NC,Owner,Business Services,26-50 employees
Company 268,MO,"Owner, President, Sales Executive",Media,11-25 employees
Company 269,CO,Owner,Consumer Services,101-250 employees
Company 270,CA,"Contact, Owner",Business Services,6-10 employees
Company 271,MA,Owner,Consumer Services,51-100 employees
Company 272,NY,Owner,Business Services,11-25 employees
Company 273,VA,Chief Executive Officer,Computer Services,51-100 employees
Company 274,TX,Owner,Business Services,11-25 employees
Company 275,CA,Owner,Telecommunications Services,11-25 employees
Company 276,FL,Finance Executive,Leisure,101-250 employees
Company 277,DE,"President, Finance Executive",Business Services,11-25 employees
Company 278,TX,Owner,Leisure,51-100 employees
Company 279,OH,Chief Executive Officer,Consumer Services,51-100 employees
Company 280,CA,Chief Executive Officer,Computer Software,6-10 employees
Company 281,CA,Finance,Telecommunications Services,101-250 employees
Company 282,TX,Finance Executive,Telecommunications Services,11-25 employees
Company 283,CA,Chief Executive Officer,Business Services,11-25 employees
Company 284,CA,Chief Executive Officer,Business Services,11-25 employees
Company 285,OH,Finance Executive,Business Services,26-50 employees
Company 286,NC,Chief Executive Officer,Business Services,26-50 employees
Company 287,CA,Finance Executive,Business Services,26-50 employees
Company 288,MO,Chief Executive Officer,Business Services,51-100 employees
Company 289,CA,Executive Director,Consumer Services,101-250 employees
Company 290,PA,Cfo,Business Services,26-50 employees
Company 291,CA,"Owner, President",Business Services,26-50 employees
Company 292,NY,"Owner, Finance Executive",Business Services,11-25 employees
Company 293,CA,Owner,Business Services,11-25 employees
Company 294,VA,Financial Administration,Computer Software,51-100 employees
Company 295,VA,Financial Administration,Computer Software,51-100 employees
Company 296,CA,Proprietor,Business Services,51-100 employees
Company 297,CO,Chief Executive Officer,Computer Services,11-25 employees
Company 298,MI,Financial Administration,Computer Software,51-100 employees
Company 299,CA,Owner,Media,51-100 employees
Company 300,TX,Finance Executive,Telecommunications Services,26-50 employees
Company 301,FL,Finance Executive,Business Services,11-25 employees
Company 302,FL,Finance Specialist,Business Services,11-25 employees
Company 303,CT,Chief Financial Officer,Media,11-25 employees
Company 304,MN,"Owner, President, Finance Executive, Sales Executive",Business Services,11-25 employees
Company 305,IL,Owner,Business Services,11-25 employees
Company 306,WI,Owner,Consumer Services,11-25 employees
Company 307,SC,Owner,Business Services,26-50 employees
Company 308,MS,"Marketing, Chief Executive Officer, Finance Executive",Real Estate,26-50 employees
Company 309,NY,Owner,Computer Services,11-25 employees
Company 310,CA,Owner,Business Services,6-10 employees
Company 311,CA,"Chairman, Chief Executive Officer, Board Member",Business Services,51-100 employees
Company 312,FL,Chief Executive Officer,Media,51-100 employees
Company 313,FL,Chief Executive Officer,Media,51-100 employees
Company 314,CA,Finance Executive,Food,11-25 employees
Company 315,CA,Owner,Business Services,11-25 employees
Company 316,MD,Owner,Business Services,26-50 employees
Company 317,MA,Executive Director Academy Of Music Theatre,Food,11-25 employees
Company 318,LA,"Vice President, Finance Executive",Business Services,51-100 employees
Company 319,CA,Owner,Business Services,11-25 employees
Company 320,NY,Owner,Business Services,11-25 employees
Company 321,MS,Chief Executive Officer,Leisure,51-100 employees
Company 322,NY,Ceo,Telecommunications Services,101-250 employees
Company 323,MD,Finance Executive,Telecommunications Services,26-50 employees
Company 324,FL,"Owner, President",Computer Services,51-100 employees
Company 325,CA,Owner,Telecommunications Services,6-10 employees
Company 326,MA,Co-Founder And West Coast Chief Executive Officer,Business Services,11-25 employees
Company 327,CA,Chief Financial Officer,Computer Software,51-100 employees
Company 328,WA,Chief Financial Officer,Computer Services,11-25 employees
Company 329,MO,"Owner, Finance Executive",Business Services,51-100 employees
Company 330,OR,Financial Administration,Consumer Services,51-100 employees
Company 331,OR,Ceo,Consumer Services,51-100 employees
Company 332,TX,Revenue Manager,Telecommunications Services,26-50 employees
Company 333,VA,Chief Executive Officer,Media,11-25 employees
Company 334,TX,"Manager, Owner",Media,11-25 employees
Company 335,UT,Chief Executive Officer,Business Services,101-250 employees
Company 336,MN,Finance Executive,Real Estate,26-50 employees
Company 337,NM,"Administrator, Finance Executive",Computer Software,26-50 employees
Company 338,NY,Chief Financial Officer,Business Services,26-50 employees
Company 339,LA,"Chief Executive Officer, Finance Executive, Sales Executive",Telecommunications Services,11-25 employees
Company 340,TX,Owner,Entertainment,11-25 employees
Company 341,GA,Chief Financial Officer,Computer Services,26-50 employees
Company 342,GA,Chief Executive Officer,Computer Services,26-50 employees
Company 343,TX,Owner,Business Services,26-50 employees
Company 344,CA,Chief Executive Officer,Computer Services,11-25 employees
Company 345,NC,Chief Executive Officer,Computer Software,26-50 employees
Company 346,FL,Ceo,Business Services,26-50 employees
Company 347,FL,Credit Manager,Entertainment,26-50 employees
Company 348,FL,Finance Executive,Entertainment,26-50 employees
Company 349,NC,Finance Executive,Business Services,51-100 employees
Company 350,WA,Cpa-Owner,Consumer Services,51-100 employees
Company 351,CA,Chief Executive Officer,Business Services,26-50 employees
Company 352,CA,Owner,Business Services,11-25 employees
Company 353,TX,Financial Analyst,Business Services,51-100 employees
Company 354,TX,Chief Executive Officer,Computer Software,101-250 employees
Company 355,TX,Chief Financial Officer,Computer Software,101-250 employees
Company 356,CA,"Owner, Finance Executive, Sales Executive",Business Services,26-50 employees
Company 357,IL,Chief Financial Officer,Business Services,101-250 employees
Company 358,PA,Chief Executive Officer,Business Services,26-50 employees
Company 359,PA,Finance Executive,Business Services,26-50 employees
Company 360,OH,Owner,Business Services,11-25 employees
Company 361,FL,Owner,Business Services,6-10 employees
Company 362,FL,Owner,Media,11-25 employees
Company 363,TN,Owner,Business Services,11-25 employees
Company 364,AZ,"Finance Executive, Owner, Sales Executive",Business Services,11-25 employees
Company 365,AZ,Co-Owner,Consumer Services,11-25 employees
Company 366,TX,Owner,Business Services,26-50 employees
Company 367,MI,Chief Executive Officer,Telecommunications Services,11-25 employees
Company 368,SC,Owner,Business Services,26-50 employees
Company 369,VA,Chief Executive Officer,Computer Software,11-25 employees
Company 370,MA,Owner,Business Services,11-25 employees
Company 371,IL,Owner,Computer Services,11-25 employees
Company 372,IL,Owner,Computer Services,11-25 employees
Company 373,NJ,"Owner, Finance Executive, Sales Executive",Business Services,26-50 employees
Company 374,PA,Owner,Computer Services,11-25 employees
Company 375,MN,Finance Executive,Computer Services,51-100 employees
Company 376,MD,President / Chief Executive Officer,Computer Services,11-25 employees
Company 377,OH,"President, Finance Executive",Entertainment,26-50 employees
Company 378,MN,Director Of Faith Formation & Director Of Finance,Telecommunications Services,51-100 employees
Company 379,CO,Finance Executive,Consumer Services,51-100 employees
Company 380,CO,Chief Executive Officer,Consumer Services,51-100 employees
Company 381,CA,Chief Executive Officer,Consumer Services,51-100 employees
Company 382,CA,Owner,Business Services,11-25 employees
Company 383,MO,Finance Executive,Business Services,26-50 employees
Company 384,MO,Owner,Business Services,26-50 employees
Company 385,OH,Owner,Business Services,6-10 employees
Company 386,MN,Chief Executive Officer,Business Services,51-100 employees
Company 387,MA,Chief Executive Officer,Business Services,26-50 employees
Company 388,TN,Ceo,Business Services,11-25 employees
Company 389,CA,Director Of Finance & Administration,Business Services,26-50 employees
Company 390,MI,Owner,Business Services,26-50 employees
Company 391,CA,Chief Executive Officer,Technology,101-250 employees
Company 392,CA,Finance Executive,Business Services,11-25 employees
Company 393,CA,Owner,Business Services,11-25 employees
Company 394,CA,President/Ceo,Consumer Services,11-25 employees
Company 395,OH,Owner,Business Services,11-25 employees
Company 396,FL,Chairman And Chief Executive Officer,Business Services,51-100 employees
Company 397,TX,Owner,Consumer Services,51-100 employees
Company 398,MN,Owner,Entertainment,11-25 employees
Company 399,CA,Chief Executive Officer,Business Services,11-25 employees
Company 400,TX,Finance,Business Services,26-50 employees
Company 401,FL,"Owner, Finance Executive, Sales Executive",Business Services,26-50 employees
Company 402,TX,"Sales Executive, Owner, Finance Executive",Business Services,11-25 employees
Company 403,TX,Owner,Business Services,11-25 employees
Company 404,NY,Chief Executive Officer,Entertainment,11-25 employees
Company 405,NY,Owner,Media,11-25 employees
Company 406,TX,Chief Executive Officer,Business Services,11-25 employees
Company 407,IL,"Owner, Finance Executive, Sales Executive",Real Estate,11-25 employees
Company 408,MA,Chief Executive Officer,Computer Software,101-250 employees
Company 409,MA,Revenue Manager,Computer Software,101-250 employees
Company 410,MA,Financial Analyst,Computer Software,101-250 employees
Company 411,MA,Chief Financial Officer,Computer Software,101-250 employees
Company 412,NY,Owner,Consumer Services,11-25 employees
Company 413,GA,Chief Financial Officer,Business Services,51-100 employees
Company 414,GA,Owner,Business Services,11-25 employees
Company 415,AZ,Finance Executive,Business Services,11-25 employees
Company 416,MA,Executive Director,Consumer Services,11-25 employees
Company 417,CA,Finance Executive,Business Services,26-50 employees
Company 418,AZ,Owner,Business Services,11-25 employees
Company 419,TX,Vp Of Finance Canada,Business Services,51-100 employees
Company 420,MN,Owner,Computer Software,11-25 employees
Company 421,NY,"Owner, Sales Executive",Telecommunications Services,26-50 employees
Company 422,OR,"Owner, Finance Executive, Sales Executive",Business Services,26-50 employees
Company 423,WY,"Owner, Finance Executive, Human Resources Executive",Business Services,51-100 employees
Company 424,IL,Owner,Business Services,26-50 employees
Company 425,NJ,Chief Financial Officer,Business Services,11-25 employees
Company 426,CA,Chief Executive Officer,Computer Software,101-250 employees
Company 427,GA,Finance Executive,Media,11-25 employees
Company 428,GA,President / Chief Executive Officer,Media,11-25 employees
Company 429,CA,Finance Executive,Consumer Services,51-100 employees
Company 430,CA,Owner,Business Services,11-25 employees
Company 431,FL,"Owner, Finance Executive",Media,11-25 employees
Company 432,NY,Owner,Business Services,26-50 employees
Company 433,OH,Ceo,Consumer Services,26-50 employees
Company 434,MT,Cfo,Consumer Services,101-250 employees
Company 435,MT,Ceo,Consumer Services,101-250 employees
Company 436,MA,Executive Director,Consumer Services,101-250 employees
Company 437,PA,"Finance Executive, Human Resources Executive",Media,101-250 employees
Company 438,PA,"Purchasing Agent, Owner",Media,101-250 employees
Company 439,FL,Owner,Computer Software,26-50 employees
Company 440,VA,Chief Financial Officer,Leisure,51-100 employees
Company 441,CA,Ceo,Telecommunications Services,51-100 employees
Company 442,NJ,Co Owner,Real Estate,26-50 employees
Company 443,NY,Owner,Business Services,11-25 employees
Company 444,DC,Development Finance Coordinator,Business Services,11-25 employees
Company 445,PA,Chief Executive Officer,Computer Services,26-50 employees
Company 446,PA,Finance Executive,Computer Services,26-50 employees
Company 447,GA,Ceo,Entertainment,26-50 employees
Company 448,LA,Owner,Business Services,26-50 employees
Company 449,CT,Owner,Telecommunications Services,11-25 employees
Company 450,LA,Owner,Entertainment,11-25 employees
Company 451,FL,Owner,Business Services,26-50 employees
Company 452,FL,Chief Executive Officer,Computer Software,51-100 employees
Company 453,CA,Chief Executive Officer,Telecommunications Services,11-25 employees
Company 454,CA,Owner,Computer Services,11-25 employees
Company 455,WI,Owner,Computer Software,11-25 employees
Company 456,VA,Chief Executive Officer,Business Services,51-100 employees
Company 457,TX,Chief Executive Officer,Computer Services,11-25 employees
Company 458,MA,Owner,Computer Software,11-25 employees
Company 459,CA,Owner,Business Services,26-50 employees
Company 460,MN,Chief Executive Officer,Computer Software,11-25 employees
Company 461,DC,Owner,Media,6-10 employees
Company 462,IN,Chief Executive Officer,Media,51-100 employees
Company 463,CO,Owner,Media,11-25 employees
Company 464,ND,Finance Executive,Media,51-100 employees
Company 465,MO,Owner,Media,11-25 employees
Company 466,NY,Chief Executive Officer,Media,6-10 employees
Company 467,NY,Chief Financial Officer Administration Systems/Data Processing Engineering-R Finance-Other,Media,11-25 employees
Company 468,NY,"Owner, President",Media,11-25 employees
Company 469,MD,President / Chief Executive Officer,Business Services,26-50 employees
Company 470,TX,Finance Executive,Computer Software,11-25 employees
Company 471,TX,"Owner, President",Computer Software,11-25 employees
Company 472,DC,Owner,Business Services,11-25 employees
Company 473,TN,Finance Executive,Business Services,26-50 employees
Company 474,NJ,Chief Executive Officer,Telecommunications Services,11-25 employees
Company 475,NV,Owner,Business Services,26-50 employees
Company 476,NJ,Owner,Business Services,11-25 employees
Company 477,TX,Finance Executive,Business Services,26-50 employees
Company 478,WA,"Owner, President, Finance Executive",Business Services,26-50 employees
Company 479,CT,Chief Financial Officer,Media,51-100 employees
Company 480,NJ,Finance,Media,51-100 employees
Company 481,NJ,Chief Executive Officer,Media,51-100 employees
Company 482,NC,Finance Executive,Business Services,26-50 employees
Company 483,NC,Financial Advisor,Business Services,26-50 employees
Company 484,NC,Owner,Business Services,26-50 employees
Company 485,KS,"Chief Operating Officer, Owner",Telecommunications Services,26-50 employees
Company 486,MD,Ceo,Telecommunications Services,51-100 employees
Company 487,MD,Finance Manager,Telecommunications Services,51-100 employees
Company 488,TX,Finance Executive,Business Services,11-25 employees
Company 489,GA,Chief Financial Officer,Business Services,11-25 employees
Company 490,GA,"President, Chief Executive Officer",Business Services,11-25 employees
Company 491,CA,Chief Executive Officer,Entertainment,11-25 employees
Company 492,CA,Chief Financial Officer,Media,26-50 employees
Company 493,CA,Director of Finance and Budgeting,Media,26-50 employees
Company 494,OR,Chief Executive Officer,Consumer Services,51-100 employees
Company 495,CA,Chief Executive Officer,Business Services,11-25 employees
Company 496,CA,CEO Adapt International,Business Services,11-25 employees
Company 497,WA,Owner,Business Services,11-25 employees
Company 498,VA,Chief Financial Officer,Business Services,51-100 employees
Company 499,NH,finance associate,Computer Services,11-25 employees
Company 500,NH,Director Of Financial Operations,Computer Services,11-25 employees
